,Train Loss,Val Loss
0,0.00421111950578622,0.0008795912167855846
1,0.0008054478926568614,0.0006536914142538799
2,0.0005384354737453892,0.0005876787052258108
3,0.0004512220348499755,0.0005438321513188267
4,0.0004060291530473392,0.0005036417157266483
5,0.0003768041017451045,0.0004868388342374605
6,0.0003531745624793958,0.00046570224189237345
7,0.00033192101627933015,0.0004399180866030375
8,0.0003102433081181061,0.0004286188510701068
9,0.00028429173664457124,0.0004262057301484579
